user1,9000000000,user1@gmail.com
user2,9000000001,user2@gmail.com
user3,9000000002,user3@gmail.com
user4,9000000004,user4@gmail.com
user5,9000000005,user5@gmail.com
user6,9000000006,user6@gmail.com
user7,9000000007,user7@gmail.com
user8,9000000008,user8@gmail.com
user9,9000000009,user9@gmail.com
user10,9000000010,user10@gmail.com
user11,9000000011,user11@gmail.com
user12,9000000012,user12@gmail.com
user13,9000000013,user13@gmail.com
user14,9000000014,user14@gmail.com
user15,9000000015,user15@gmail.com
user16,9000000016,user16@gmail.com
user17,9000000017,user17@gmail.com
user18,9000000018,user18@gmail.com
user19,9000000019,user19@gmail.com
user20,9000000020,user20@gmail.com
user21,9000000021,user21@gmail.com
user22,9000000022,user22@gmail.com
user23,9000000023,user23@gmail.com
user24,9000000024,user24@gmail.com
user25,9000000025,user25@gmail.com
user26,9000000026,user26@gmail.com
user27,9000000027,user27@gmail.com
